Enabler Type,EnablerType,Enabler Roles,Active (Y/N),Short Text,Enabler Description,Character count,
PL_D,Plant_Display,ES : PLT - All Plants (Display),,All Plants (Display),Provides the user the ability to view all plants.,49,
PL_U,Plant_Update,ES : PLT - All Bottle Vendors,, All Bottle Vendors,,0,
PL_U,Plant_Update,ES : PLT - All Copacker Plants,, All Copacker Plants,,0,
PL_U,Plant_Update,ES : PLT - All Inactive Plants,, All Inactive Plants,,0,
PL_U,Plant_Update,ES : PLT - All Plants - Maintain,, All Plants  Maintain,Permits transacting in any plant ,33,
PL_U,Plant_Update,ES : PLT - All Virtual Plants,, All Virtual Plants,,0,
PL_U,Plant_Update,"ES : PLT - ALPLA, MCDONOUGH,GA - BSUP",," ALPLA, MCDONOUGH,GA ",bottle supplier for ATL Mfg ,28,
PL_U,Plant_Update,"ES : PLT - AMCOR PET PRODUCTS, CA - BSUP",," AMCOR PET PRODUCTS, CA ",,0,
PL_U,Plant_Update,ES : PLT - Amherst Plant,, Amherst Plant,,0,
PL_U,Plant_Update,ES : PLT - Argentina Plant,, Argentina Plant,,0,
PL_U,Plant_Update,ES : PLT - Atlanta Plant,, Atlanta Plant,,0,
PL_U,Plant_Update,ES : PLT - Belle Plant,, Belle Plant,,0,
PL_U,Plant_Update,ES : PLT - Brampton Plant,, Brampton Plant,,0,
PL_U,Plant_Update,ES : PLT - Brita Plant,, Brita Plant,,0,
PL_U,Plant_Update,"ES : PLT - CONSOLIDATED CONT., MD - BSUP",," CONSOLIDATED CONT., MD ",,0,
PL_U,Plant_Update,ES : PLT - CONSTAR PLASTICS COLRVILL,, CONSTAR PLASTICS COLRVILL,,0,
PL_U,Plant_Update,ES : PLT - HAYCO INDUSTRIAL ESTATE (CHINA)-CPK,, HAYCO INDUSTRIAL ESTATE (CHINA),,0,
PL_U,Plant_Update,"ES : PLT - U0L7/U0LD:1888_MILLS_WAREHOUSE:THOMASTON,GA,US",,1888_MILLS_WAREHOUSE,,0,
PL_U,Plant_Update,"ES : PLT - U0BP/U0B4:3M:ELYRIA,OH,US",,3M,,0,
PL_U,Plant_Update,"ES : PLT - U0LS/U01L:A&M_SPRING_HILL_MFG_PLANT:SPRING_HILL,KS,US",,A&M_SPRING_HILL_MFG_PLANT,The CLX A&M PET products Spring Hill Mfg facility,49,
PL_U,Plant_Update,ES : PLT - Aberdeen Plants,,Aberdeen Plants Maintan,,0,
PL_U,Plant_Update,"ES : PLT - U06L/U067:ACCESS_BUSINESS_GROUP:ADA,MI,US",,ACCESS_BUSINESS_GROUP,,0,
PL_U,Plant_Update,"ES : PLT - U0FR/U03R:ACCURATE_CONVERTING_INC:MIDDLETOWN,OH,US",,ACCURATE_CONVERTING_INC,,0,
PL_U,Plant_Update,"ES : PLT - U0DT:ACUPAK_PACKAGING:MAHWAH,NJ,US",,ACUPAK_PACKAGING,,0,
PL_U,Plant_Update,"ES : PLT - U0PJ/U0DT:ACUPAK_PACKAGING:MAHWAH,NJ,US",,ACUPAK_PACKAGING,,0,
PL_U,Plant_Update,"ES : PLT - U0UW/U0DT:ACUPAK_PACKAGING:MAHWAH,NJ,US",,ACUPAK_PACKAGING,,0,
PL_U,Plant_Update,"ES : PLT - U0LN/U0L6:ALCAN_PKG_THRMPLT:RUSSELLVILLE,AR,US",,ALCAN_PKG_THRMPLT,,0,
PL_U,Plant_Update,"ES : PLT - U0KO:ALPLA:LIMA,OH,US",,ALPLA,,0,
PL_U,Plant_Update,"ES : PLT - U0TG:AMCOR_PET_PRODUCTS:FAIRFIELD,CA,US:U0G2",U0G2,AMCOR_PET_PRODUCTS,,0,
PL_U,Plant_Update,"ES : PLT - U0UK/U07M:AMERICAN WOOD FIBERS:MARION,VA,US",,AMERICAN WOOD FIBERS,,0,
PL_U,Plant_Update,"ES : PLT - U0RU/U05F:AMERICAN_COLLOID_COMPANY:BELLE_FOURCHE,SD,US",,AMERICAN_COLLOID_COMPANY,,0,
PL_U,Plant_Update,"ES : PLT - U04V:AMERICOLD:FOGELSVILLE,PA,US",,AMERICOLD,,0,
PL_U,Plant_Update,"ES : PLT - U04W:AMERICOLD:ATLANTA,GA,US",,AMERICOLD,,0,
PL_U,Plant_Update,"ES : PLT - U05P:AMERICOLD:CLEARFIELD,UT,US",,AMERICOLD,,0,
PL_U,Plant_Update,"ES : PLT - U05S:AMERICOLD:CARTHAGE,MO,US",,AMERICOLD,,0,
PL_U,Plant_Update,"ES : PLT - U0RQ:AMHERST_DPS/PPC_POST_WHSE:SALEM,VA,US",,AMHERST_DPS/PPC_POST_WHSE,,0,
PL_U,Plant_Update,"ES : PLT - U0UE/U03Q:ANCHOR_PACKAGING:PARAGOULD,AR,US",,ANCHOR_PACKAGING,,0,
PL_U,Plant_Update,"ES : PLT - U0Y4:ARGENTINA_PORT_PLANT:Buenos_Aires,,AR",,ARGENTINA_PORT_PLANT,,0,
PL_U,Plant_Update,"ES : PLT - U0KK:ARMSTRONG TERMINAL:SCHENLEY,PA,US",,ARMSTRONG TERMINAL,,0,
PL_U,Plant_Update,"ES : PLT - U0AT:ASPEN_DIST_INC:DENVER,CO,US",,ASPEN_DIST_INC,,0,
PL_U,Plant_Update,"ES : PLT - U0FN:ASSOCIATED_TERMINALS:ARABI,LA,US",,ASSOCIATED_TERMINALS,,0,
PL_U,Plant_Update,"ES : PLT - U01U:ATI_AEROFIL_TECH_INC:SULLIVAN,MO,US",,ATI_AEROFIL_TECH_INC,,0,
PL_U,Plant_Update,"ES : PLT - U0AU/U01U:ATI_AEROFIL_TECH_INC:SULLIVAN,MO,US",,ATI_AEROFIL_TECH_INC,,0,
PL_U,Plant_Update,"ES : PLT - U0UY/U01U:ATI_AEROFIL_TECH_INC:SULLIVAN,MO,US",,ATI_AEROFIL_TECH_INC,,0,
PL_U,Plant_Update,"ES : PLT - U04T:ATLANTA_POST:EAST_POINT,GA,US",,ATLANTA_POST,,0,
PL_U,Plant_Update,"ES : PLT - U0JJ/U088:AUTOMATED_PACKAGING:WINDER,GA,US",,AUTOMATED_PACKAGING,,0,
PL_U,Plant_Update,"ES : PLT - U0BA/U02B:BARBEQUE_WOOD_FLAVORS:ENNIS,TX,US",,BARBEQUE_WOOD_FLAVORS,,0,
PL_U,Plant_Update,"ES : PLT - CA2U:BAYTECH_PLASTICS:MIDLAND,ON,CA",,BAYTECH_PLASTICS,,0,
PL_U,Plant_Update,"ES : PLT - U0KX:BEDFORD YARD:NORTH KANSAS CITY,MO,US",,BEDFORD YARD,,0,
PL_U,Plant_Update,"ES : PLT - U0BL:BEELMAN_TERMINALS:SAINT_LOUIS,MO,US",,BEELMAN_TERMINALS,,0,
PL_U,Plant_Update,"ES : PLT - U0BF:BERKSHIRE_FOODS_INC:CHICAGO,IL,US",,BERKSHIRE_FOODS_INC,,0,
PL_U,Plant_Update,"ES : PLT - U0BC/U0B3:BEST_SANITIZERS:WALTON,KY,US",,BEST_SANITIZERS,,0,
PL_U,Plant_Update,"ES : PLT - U0JP:BOB'S_WAREHOUSE:ABERDEEN,MD,US",,BOB'S_WAREHOUSE,3rd party external warehouse Aberdeen,37,
PL_U,Plant_Update,"ES : PLT - U0BS:BONDED_SERVICE_WAREHOUSE:ATLANTA,GA,US",,BONDED_SERVICE_WAREHOUSE,,0,
PL_U,Plant_Update,"ES : PLT - U0BY/U0Y3:BOYD_CONVERTING_CO:SOUTH_LEE,MA,US",,BOYD_CONVERTING_CO,,0,
PL_U,Plant_Update,"ES : PLT - CALV:BRAMPTON_BRITA_CANADA:BRAMPTON,ON,CA",,BRAMPTON_BRITA_CANADA,,0,
PL_U,Plant_Update,"ES : PLT - U0LC:BRANCH_WAREHOUSE:BAKERSFIELD,CA,US",,BRANCH_WAREHOUSE,,0,
PL_U,Plant_Update,"ES : PLT - U0UZ/U0Y2:BRIDGEVIEW_AEROSOL_LLC:BRIDGEVIEW,IL,US",,BRIDGEVIEW_AEROSOL_LLC,,0,
PL_U,Plant_Update,"ES : PLT - U0Y2:BRIDGEVIEW_AEROSOL_LLC:BRIDGEVIEW,IL,US",,BRIDGEVIEW_AEROSOL_LLC,,0,
PL_U,Plant_Update,"ES : PLT - U0YS/U0Y2:BRIDGEVIEW_AEROSOL_LLC:BRIDGEVIEW,IL,US",,BRIDGEVIEW_AEROSOL_LLC,,0,
PL_U,Plant_Update,"ES : PLT - CAF1:BRITA_BRAMPTON_MFG_PLANT:BRAMPTON,ON,CA",,BRITA_BRAMPTON_MFG_PLANT,,0,
PL_U,Plant_Update,"ES : PLT - U0U3:BRITA_CANADA_US_VIRTUAL:OAKLAND,CA,US",,BRITA_CANADA_US_VIRTUAL,,0,
PL_U,Plant_Update,"ES : PLT - CA5K:BRITA_CHINA_PORT_PLANT:SHENZHEN,190,CN",,BRITA_CHINA_PORT_PLANT,,0,
PL_U,Plant_Update,"ES : PLT - U078:BRITA_US_(USFL):BRAMPTON,ON,CA",,BRITA_US_(USFL),,0,
PL_U,Plant_Update,"ES : PLT - U0Z7:BRITA_US_OCEAN_VIRTUAL:OCEAN_CITY,00,FJ",,BRITA_US_OCEAN_VIRTUAL,,0,
PL_U,Plant_Update,"ES : PLT - U0Z6:BRITA_US_VIRTUAL:BRAMPTON,ON,CA",,BRITA_US_VIRTUAL,,0,
PL_U,Plant_Update,"ES : PLT - U101:BROMLEY_PALLET:SAN_FERNANDO,CA,US",,BROMLEY_PALLET,,0,
PL_U,Plant_Update,ES : PLT - BSUP - Parent Role,,BSUP Parent Maintain,,0,
PL_U,Plant_Update,"ES : PLT - U0YB:BURTS BEES-EXEL-CPK:MORRISVILLE,NC,US",,BURTS BEES-EXEL-CPK,Burts Bees 3rd Party DHL Mfg co pack,36,
PL_U,Plant_Update,"ES : PLT - U00B:BURTS BEES-EXEL-RPC:MORRISVILLE,NC,US",,BURTS BEES-EXEL-RPC,Burts Bees 3rd Party DHL Warehouse,34,
PL_U,Plant_Update,"ES : PLT - U0B0:BURTS BEES-MFG:DURHAM,NC,US",,BURTS BEES-MFG,Burts Bees Mfg Plant,20,
PL_U,Plant_Update,"ES : PLT - U063:CANADIAN_PORT_PLANT:ORANGEVILLE,ON,CA",,CANADIAN_PORT_PLANT,,0,
PL_U,Plant_Update,"ES : PLT - U0CD/U0N5:CANBERRA:TOLEDO,OH,US",,CANBERRA,,0,
PL_U,Plant_Update,"ES : PLT - U05J/U052:CANDLE-LITE_COMPANY:LEESBURG,OH,US",,CANDLE-LITE_COMPANY,,0,
PL_U,Plant_Update,"ES : PLT - U0C5/U047:CCL_CUSTOM_MFG_INC:DANVILLE,IL,US",,CCL_CUSTOM_MFG_INC,,0,
PL_U,Plant_Update,"ES : PLT - U0KM/U0W0:CHEMRITE:COPAC,_INC_LANNON,WI,US",,CHEMRITE,,0,
PL_U,Plant_Update,"ES : PLT - U059:CHINA_PORT_PLANT:QINGDAO,120,CN",,CHINA_PORT_PLANT,,0,
PL_U,Plant_Update,"ES : PLT - U0E6/U040:CLOROX_ABERDEEN_MFG_PLANT:ABERDEEN,MD,US",,CLOROX_ABERDEEN_MFG_PLANT,Aberdeen Mfg Plant Enabler,26,
PL_U,Plant_Update,"ES : PLT - U0A4/U004:CLOROX_ATLANTA_MFG_PLANT:FOREST_PARK,GA,US",,CLOROX_ATLANTA_MFG_PLANT,,0,
PL_U,Plant_Update,"ES : PLT - U0A3/U003:CLOROX_CHICAGO_MFG_PLANT:CHICAGO,IL,US",,CLOROX_CHICAGO_MFG_PLANT,,0,
PL_U,Plant_Update,"ES : PLT - U006:CLOROX_CLEVELAND_MFG_PLANT:CLEVELAND,OH,US",,CLOROX_CLEVELAND_MFG_PLANT,,0,
PL_U,Plant_Update,"ES : PLT - U0A6/U006:CLOROX_CLEVELAND_MFG_PLANT:CLEVELAND,OH,US",,CLOROX_CLEVELAND_MFG_PLANT,,0,
PL_U,Plant_Update,"ES : PLT - U012:CLOROX_CO:HOUSTON,TX,US",,CLOROX_CO,,0,
PL_U,Plant_Update,"ES : PLT - U04S:CLOROX_CO-EMILE_ST_WHSE:HOUSTON,TX,US",,CLOROX_CO-EMILE_ST_WHSE,,0,
PL_U,Plant_Update,"ES : PLT - CA4Y:CLOROX_EDMONTON_MFG_PLANT:EDMONTON,AB,CA",,CLOROX_EDMONTON_MFG_PLANT,,0,
PL_U,Plant_Update,"ES : PLT - U0A5/U005:CLOROX_HOUSTON_MFG_PLANT:HOUSTON,TX,US",,CLOROX_HOUSTON_MFG_PLANT,,0,
PL_U,Plant_Update,"ES : PLT - U0HV/U0H8:CLOROX_HUNTINGTON_MFG_PLANT:FAIRFIELD,CA,US",,CLOROX_HUNTINGTON_MFG_PLANT,,0,
PL_U,Plant_Update,"ES : PLT - U007:CLOROX_LOS_ANGELES_MFG_PLANT:LOS_ANGELES,CA,US",,CLOROX_LOS_ANGELES_MFG_PLANT,,0,
PL_U,Plant_Update,"ES : PLT - U0A7/U007:CLOROX_LOS_ANGELES_MFG_PLANT:LOS_ANGELES,CA,US",,CLOROX_LOS_ANGELES_MFG_PLANT,,0,
PL_U,Plant_Update,"ES : PLT - U04A:CLOROX_POST:AURORA,IL,US",,CLOROX_POST,,0,
PL_U,Plant_Update,"ES : PLT - U06F:CLOROX_POST:MINOOKA,IL,US",,CLOROX_POST,,0,
PL_U,Plant_Update,"ES : PLT - U0D1/U041:CLOROX_SERVICES_CO:PLEASANTON,CA,US",,CLOROX_SERVICES_CO,,0,
PL_U,Plant_Update,"ES : PLT - U009:CLOROX_TAMPA_MFG_PLANT:TAMPA,FL,US",,CLOROX_TAMPA_MFG_PLANT,,0,
PL_U,Plant_Update,"ES : PLT - U0A9/U009:CLOROX_TAMPA_MFG_PLANT:TAMPA,FL,US",,CLOROX_TAMPA_MFG_PLANT,,0,
PL_U,Plant_Update,"ES : PLT - U03J/U041:CLX_TEST_PILOT_PLANT:PLEASANTON,CA,US",,CLX_TEST_PILOT_PLANT,,0,
PL_U,Plant_Update,"ES : PLT - U0UB/U0U8:CONOCO_PHILLIPS:LOS_ANGELES,CA,US",,CONOCO_PHILLIPS,,0,
PL_U,Plant_Update,"ES : PLT - U0UC/U0U7:CONOCO_PHILLIPS:SAVANNAH,GA,US",,CONOCO_PHILLIPS,,0,
PL_U,Plant_Update,"ES : PLT - CA2C:CONSOLIDATED BOTTLE CORP.: TORONTO,ON,CA",,CONSOLIDATED BOTTLE CORP.,,0,
PL_U,Plant_Update,"ES : PLT - U0CM:CONSOLIDATED_CONT:BALTIMORE,MD,US:U0E6",U0E6,CONSOLIDATED_CONT,,0,
PL_U,Plant_Update,"ES : PLT - U01C:CONSOLIDATED_TRF_&_WHSE:KANSAS_CITY,MO,US",,CONSOLIDATED_TRF_&_WHSE,,0,
PL_U,Plant_Update,"ES : PLT - U0JH:CONSTAR_PLASTICS_INC:JACKSON,MS,US:U0D6",U0D6,CONSTAR_PLASTICS_INC,,0,
PL_U,Plant_Update,"ES : PLT - U0KF:CONSTAR_PLASTICS_INC:ATLANTA,GA,US:U0A4",U0A4,CONSTAR_PLASTICS_INC,,0,
PL_U,Plant_Update,"ES : PLT - U0SA:CONSTAR_PLASTICS_INC:COLLIERVILLE,TN,US:U0D6",U0D6,CONSTAR_PLASTICS_INC,,0,
PL_U,Plant_Update,"ES : PLT - U0QY/U0Y9:CONVERSION_TECHNOLOGIES:WEST_UNITY,OH,US",,CONVERSION_TECHNOLOGIES,,0,
PL_U,Plant_Update,"ES : PLT - U0EL/U0E5:CPI:MIDLAND,MI,US",,CPI,,0,
PL_U,Plant_Update,"ES : PLT - U0WJ/U0XC:CREST FOODS CO. INC.:ASHTON,IL,US",,CREST FOODS CO. INC.,,0,
PL_U,Plant_Update,"ES : PLT - U02D:CRUM_&_CRUM_ENTERPRISE:SACRAMENTO,CA,US",,CRUM_&_CRUM_ENTERPRISE,,0,
PL_U,Plant_Update,"ES : PLT - U0QM/U05Q:CRYSTALS:QINGDAO,120,CN",,CRYSTALS,,0,
PL_U,Plant_Update,"ES : PLT - U03L:CUBA_WAREHOUSE-STEVENS:CUBA,MO,US",,CUBA_WAREHOUSE-STEVENS,,0,
PL_U,Plant_Update,"ES : PLT - U0QU:CUMBERLAND_ELKHORN:LOUISVILLE,KY,US",,CUMBERLAND_ELKHORN,,0,
PL_U,Plant_Update,"ES : PLT - U0EZ/U0X8:CYGNUS_PKG:RIVERDALE,IL,US",,CYGNUS_PKG,,0,
PL_U,Plant_Update,"ES : PLT - U0RW:DALLAS_KINGSFORD:FORT_WORTH,TX,US",,DALLAS_KINGSFORD,,0,
PL_U,Plant_Update,"ES : PLT - U02W/U03W:DBA_KENDALL_KING_GROUP:KANSAS_CITY,MO,US",,DBA_KENDALL_KING_GROUP,,0,
PL_U,Plant_Update,"ES : PLT - U05B:DERBY_CITY_WAREHOUSE:LOUISVILLE,KY,US",,DERBY_CITY_WAREHOUSE,,0,
PL_U,Plant_Update,"ES : PLT - U0DY:DERBY_CITY_WAREHOUSE:LOUISVILLE,KY,US",,DERBY_CITY_WAREHOUSE,,0,
PL_U,Plant_Update,"ES : PLT - U0ES:E&S_DISTRIBUTING_CO:LOS_ANGELES,CA,US",,E&S_DISTRIBUTING_CO,,0,
PL_U,Plant_Update,"ES : PLT - U0EK:EAGLE_CARRIERS:SOMERSET,KY,US",,EAGLE_CARRIERS,,0,
PL_U,Plant_Update,"ES : PLT - U03D:ECONOMY_WAREHOUSE:FONTANA,CA,US",,ECONOMY_WAREHOUSE,,0,
PL_U,Plant_Update,"ES : PLT - U0E0/U0I2:EIJ:SOUTH BELOIT,IL,US",,EIJ,,0,
PL_U,Plant_Update,"ES : PLT - U0NH:ES3_LLC:YORK,PA,US",,ES3_LLC,,0,
PL_U,Plant_Update,"ES : PLT - U0BX:EXEL_LOGISTICS_N/WEST:LATHROP,CA,US",,EXEL_LOGISTICS_N/WEST,,0,
PL_U,Plant_Update,"ES : PLT - U04I:EXEL_POST:COPPELL,TX,US",,EXEL_POST,,0,
PL_U,Plant_Update,"ES : PLT - U04I:EXEL_POST:COPPELL,TX,US",,EXEL_POST,,0,
PL_U,Plant_Update,"ES : PLT - U0QX/U0Y8:FIBERBOND_CORP:MICHIGAN_CITY,IN,US",,FIBERBOND_CORP,,0,
PL_U,Plant_Update,"ES : PLT - U0IF:FILTRATION GROUP INC.:YORK,SC,US",,FILTRATION GROUP INC.,,0,
PL_U,Plant_Update,"ES : PLT - U0QO/U07O:FITPATRICK BROTHERS, INC.:QUINCY,IL,US",,"FITPATRICK BROTHERS, INC.",,0,
PL_U,Plant_Update,"ES : PLT - U0VH/U07V:FOOD SERVICE SPECIALTIES:RED WING,MN,US",,FOOD SERVICE SPECIALTIES,,0,
PL_U,Plant_Update,"ES : PLT - U0UP:FOREST PARK POSTPONEMENT CENTER:FOREST PARK,GA,US",,FOREST PARK POSTPONEMENT CENTER,,0,
PL_U,Plant_Update,"ES : PLT - U0FM/U03F:FRAGRANCE_MFG_INC:ALLENTOWN,PA,US",,FRAGRANCE_MFG_INC,,0,
PL_U,Plant_Update,"ES : PLT - U0CY:FREEWAY_WHSE_CORP:FARMINGDALE,NJ,US",,FREEWAY_WHSE_CORP,,0,
PL_U,Plant_Update,"ES : PLT - CABD:G_W_PLASTICS:BETHEL,VT,US",,G_W_PLASTICS,,0,
PL_U,Plant_Update,"ES : PLT - U0GK:GEO_CENTER_DIST_SERVICE:INDEPENDENCE,MO,US",,GEO_CENTER_DIST_SERVICE,,0,
PL_U,Plant_Update,"ES : PLT - U0GA/U0AG:GLAD_AMHERST_MFG_PLANT:AMHERST,VA,US",,GLAD_AMHERST_MFG_PLANT,,0,
PL_U,Plant_Update,"ES : PLT - U0EY:GLAD_CO_NE_EXCEL_OVERFLOW:NEW_KINGSTOWN,PA,US",,GLAD_CO_NE_EXCEL_OVERFLOW,,0,
PL_U,Plant_Update,"ES : PLT - U0GC/U0CG:GLAD_ROGERS_MFG_PLANT:ROGERS,AR,US",,GLAD_ROGERS_MFG_PLANT,,0,
PL_U,Plant_Update,"ES : PLT - U0JA/U0J6:GMT_SPECIALTY_PKG:CHICAGO,IL,US",,GMT_SPECIALTY_PKG,,0,
PL_U,Plant_Update,"ES : PLT - U127/U0DW:GOODWIN_EAST:LAWRENCEVILLE,GA,US",,GOODWIN_EAST,,0,
PL_U,Plant_Update,"ES : PLT - U0JT/U05U:GOODWIN_EAST_(2008):LAWRENCEVILLE,GA,US",,GOODWIN_EAST_(2008),,0,
PL_U,Plant_Update,"ES : PLT - U0XB/U0X6:GPMI_COMPANY:GILBERT,AZ,US",,GPMI_COMPANY,,0,
PL_U,Plant_Update,"ES : PLT - U0FQ:GRAHAM_PACKAGING_COMPANY:YORK,PA,US:U0E6",U0E6,GRAHAM_PACKAGING_COMPANY,,0,
PL_U,Plant_Update,"ES : PLT - U0Q8:GRAHAM_PACKAGING_COMPANY:BERKELEY,MO,US:U0E6",U0E6,GRAHAM_PACKAGING_COMPANY,,0,
PL_U,Plant_Update,"ES : PLT - U0UV:GREECE PORT PLANT:PIRAEUS,ATHENS,GR",,GREECE PORT PLANT,,0,
PL_U,Plant_Update,"ES : PLT - U0VE/U02V:GREEN_GARDEN_FOOD_PRODUCTS:KENT,WA,US",,GREEN_GARDEN_FOOD_PRODUCTS,,0,
PL_U,Plant_Update,"ES : PLT - U0VN/U0YN:GUY AND O'NEILL:FREDONIA,WI,US",,GUY AND O'NEILL,,0,
PL_U,Plant_Update,"ES : PLT - U028:HARRIS_STREET_WAREHOUSE:HOUSTON,TX,US",,HARRIS_STREET_WAREHOUSE,,0,
PL_U,Plant_Update,"ES : PLT - U06B:HARRISON_WAREHOUSE_SVC:CLARKSBURG,WV,US",,HARRISON_WAREHOUSE_SVC,,0,
PL_U,Plant_Update,"ES : PLT - CN8J:HAYCO_INDUSTRIAL_ESTATE:YANCHUAN_SONGGANG_SHENZ,190,CN",,HAYCO_INDUSTRIAL_ESTATE,,0,
PL_U,Plant_Update,"ES : PLT - U0KL/U07J:HERITAGE BAG COMPANY:RANCHO CUCAMONGA,CA,US",,HERITAGE BAG COMPANY,,0,
PL_U,Plant_Update,"ES : PLT - U0TM/U0T5:HERITAGE_BAG:SHANNON,MS,US",,HERITAGE_BAG,,0,
PL_U,Plant_Update,"ES : PLT - U0HA:HERMAN_DISTRIBUTION:HOUSTON,TX,US",,HERMAN_DISTRIBUTION,,0,
PL_U,Plant_Update,"ES : PLT - U0UX MEXICO PORT PLANT:HERMOSILLO,SONORA,MX",,"HERMOSILLO,SONORA,MX",,0,
PL_U,Plant_Update,"ES : PLT - U06A:HODGES_WAREHOUSE:OKMULGEE,OK,US",,HODGES_WAREHOUSE,,0,
PL_U,Plant_Update,"ES : PLT - U0B2/U011:HUISH_CO:DYERSBURG,TN,US",,HUISH_CO,,0,
PL_U,Plant_Update,"ES : PLT - U0HD/U0H2:HUISH_CO:SALT_LAKE_CITY,UT,US",,HUISH_CO,,0,
PL_U,Plant_Update,"ES : PLT - U0Z3:HUNGARY_PORT_PLANT:BUDAPEST,,HU",,HUNGARY_PORT_PLANT,,0,
PL_U,Plant_Update,"ES : PLT - U0G2/U015:HVR_RENO_MFG_PLANT:RENO,NV,US",,HVR_RENO_MFG_PLANT,,0,
PL_U,Plant_Update,"ES : PLT - U0G1/U01W:HVR_WHEELING_MFG_PLANT:WHEELING,IL,US",,HVR_WHEELING_MFG_PLANT,,0,
PL_U,Plant_Update,"ES : PLT - U107/U108:HYDRITE_CHEMICAL:MILWAUKEE,WI,US",,HYDRITE_CHEMICAL,,0,
PL_U,Plant_Update,"ES : PLT - U0JR:JACOBSON_HOMETOWN:HOMETOWN,PA,US",,JACOBSON_HOMETOWN,,0,
PL_U,Plant_Update,"ES : PLT - U0JR:JACOBSON_HOMETOWN:HOMETOWN,PA,US",,JACOBSON_HOMETOWN,,0,
PL_U,Plant_Update,"ES : PLT - U152:JACOBSON_WAREHOUSE:WEST_HAZLETON,PA,US",,JACOBSON_WAREHOUSE,,0,
PL_U,Plant_Update,"ES : PLT - U0DP:JP_SPECIALTIES_WHSE:COLUMBIA,TN,US",,JP_SPECIALTIES_WHSE,,0,
PL_U,Plant_Update,"ES : PLT - U05D:KANO_TRUCKING_SERV:HONOLULU,HI,US",,KANO_TRUCKING_SERV,,0,
PL_U,Plant_Update,"ES : PLT - U0EM/U04R:KEMPER_INNOVATION_CTR:CINCINNATI,OH,US",,KEMPER_INNOVATION_CTR,,0,
PL_U,Plant_Update,"ES : PLT - U0KU/U0K5:KEYTRONIC_CORPORATION:EL_PASO,TX,US",,KEYTRONIC_CORPORATION,,0,
PL_U,Plant_Update,"ES : PLT - U0M1/U01E:KINGSFORD_BELLE_MFG_PLANT:BELLE,MO,US",,KINGSFORD_BELLE_MFG_PLANT,,0,
PL_U,Plant_Update,"ES : PLT - U0R3:KINGSFORD_BERYL_RETORT_MFG_PLANT:KEYSER,WV,US",,KINGSFORD_BERYL_RETORT_MFG_PLANT,,0,
PL_U,Plant_Update,"ES : PLT - U0M2/U02E:KINGSFORD_BURNSIDE_MFG_PLANT:BURNSIDE,KY,US",,KINGSFORD_BURNSIDE_MFG_PLANT,,0,
PL_U,Plant_Update,"ES : PLT - U01S:KINGSFORD_GLEN_MFG_PLANT:GLEN,MS,US",,KINGSFORD_GLEN_MFG_PLANT,,0,
PL_U,Plant_Update,"ES : PLT - U0M7/U05E:KINGSFORD_LOUISVILLE_MFG_PLANT:LOUISVILLE,MS,US",,KINGSFORD_LOUISVILLE_MFG_PLANT,,0,
PL_U,Plant_Update,"ES : PLT - U0M3/U03E:KINGSFORD_PARSONS_MFG_PLANT:PARSONS,WV,US",,KINGSFORD_PARSONS_MFG_PLANT,,0,
PL_U,Plant_Update,"ES : PLT - U0M4/U04E:KINGSFORD_SPRINGFIELD_MFG_PLANT:SPRINGFIELD,OR,US",,KINGSFORD_SPRINGFIELD_MFG_PLANT,,0,
PL_U,Plant_Update,"ES : PLT - U0SS/U02S:KINGSFORD_SUMR_SHDE_MFG_PLANT:SUMMER_SHADE,KY,US",,KINGSFORD_SUMR_SHDE_MFG_PLANT,,0,
PL_U,Plant_Update,"ES : PLT - U0WK:KINGSFORD-NFI: SHEPHERDSVILLE,KY,US",,KINGSFORD-NFI,,0,
PL_U,Plant_Update,"ES : PLT - U0Q2:KINGSFORD-NFI:STOCKTON,CA,US",,KINGSFORD-NFI,,0,
PL_U,Plant_Update,"ES : PLT - U0UJ:KINGSFORD-NFI:MIDDLETOWN,PA,US",,KINGSFORD-NFI,,0,
PL_U,Plant_Update,"ES : PLT - U0UT:KINGSFORD-NFI:TRACY,CA,US",,KINGSFORD-NFI,,0,
PL_U,Plant_Update,"ES : PLT - U0VX:KINGSFORD-NFI:NEW KINGSTON,PA,US",,KINGSFORD-NFI,,0,
PL_U,Plant_Update,"ES : PLT - U0VK:KINGSFORD-RSI:FERGUSON,KY,US",,KINGSFORD-RSI,,0,
PL_U,Plant_Update,"ES : PLT - U0Q6/U07K:KLEEN TEST:STRASBURG,OH,US",,KLEEN TEST,,0,
PL_U,Plant_Update,"ES : PLT - U0K3:KLEEN_TEST:MEQUON,WI,US",,KLEEN_TEST,,0,
PL_U,Plant_Update,"ES : PLT - U0KV/U0K2:KLEEN_TEST:PORT_WASHINGTON,WI,US",,KLEEN_TEST,,0,
PL_U,Plant_Update,"ES : PLT - U0KW/U0K7:KLEEN_TEST:MILWAUKEE,WI,US",,KLEEN_TEST,,0,
PL_U,Plant_Update,"ES : PLT - U0UQ/U0K3:KLEEN_TEST:MEQUON,WI,US",,KLEEN_TEST,,0,
PL_U,Plant_Update,"ES : PLT - U126/U0K3:KLEEN_TEST:MEQUON,WI,US",,KLEEN_TEST,,0,
PL_U,Plant_Update,"ES : PLT - U0Q5/U07Q:KOREX:WIXOM,MI,US",,KOREX,,0,
PL_U,Plant_Update,"ES : PLT - U0WE/U07W:KOREX:TORONTO,ON,CA",,KOREX,,0,
PL_U,Plant_Update,"ES : PLT - U0RZ:LARDC-REDLANDS:REDLANDS,CA,US",,LARDC-REDLANDS,,0,
PL_U,Plant_Update,"ES : PLT - U0AR/U03P:LAUBACH_WHS_FOR_ANCHOR_PKG:PARAGOULD,AR,US",,LAUBACH_WHS_FOR_ANCHOR_PKG,,0,
PL_U,Plant_Update,"ES : PLT - U0RT/U0R5:LEACH_LOGISTICS:SPARKS,NV,US",,LEACH_LOGISTICS,,0,
PL_U,Plant_Update,"ES : PLT - U0RM:LIQUID_CONTAINER:NEWARK,DE,US:U0E6",U0E6,LIQUID_CONTAINER,,0,
PL_U,Plant_Update,"ES : PLT - U151:LIQUID_CONTAINER:RANCHO_CUCAMONGA,CA,US:U0A7",U0A7,LIQUID_CONTAINER,,0,
PL_U,Plant_Update,"ES : PLT - CALB:LIVINGSTON_BRITA_CANADA:MISSISSAUGA,ON,CA",,LIVINGSTON_BRITA_CANADA,,0,
PL_U,Plant_Update,"ES : PLT - U106:LOVE_BOX_COMPANY:SPRINGDALE,AR,US",,LOVE_BOX_COMPANY,,0,
PL_U,Plant_Update,"ES : PLT - U0LU/U0L1:LUBRICATING_SPECLTIES:PICO_RIVERA,CA,US",,LUBRICATING_SPECLTIES,,0,
PL_U,Plant_Update,"ES : PLT - U0KD/U06T:MALCO_PRODUCTS:BARBERTON,OH,US",,MALCO_PRODUCTS,,0,
PL_U,Plant_Update,"ES : PLT - U0JS/U06M:MALCO_PRODUCTS,:INC_AKRON,OH,US",,"MALCO_PRODUCTS,",,0,
PL_U,Plant_Update,"ES : PLT - U0KC/U06R:MARIETTA:CHICAGO,IL,US",,MARIETTA,,0,
PL_U,Plant_Update,"ES : PLT - CA3T:MCL_TORBRAM:BRAMPTON,ON,CA",,MCL_TORBRAM,,0,
PL_U,Plant_Update,"ES : PLT - U0WA/U0W1:MENSHEN_PACKAGING_USA:WALDWICK,NJ,US",,MENSHEN_PACKAGING_USA,,0,
PL_U,Plant_Update,"ES : PLT - CA4Z:METRO_CANADA_LOGISTICS:BRAMPTON,ON,CA",,METRO_CANADA_LOGISTICS,,0,
PL_U,Plant_Update,"ES : PLT - CA5M:MEXICO PORT PLANT:ZAPOPAN,JALISCO,MX",,MEXICO PORT PLANT,,0,
PL_U,Plant_Update,"ES : PLT - U0Z9:MEXICO VIRTUAL PLANT:ZAPOPAN,JALISCO,MX",,MEXICO VIRTUAL PLANT,,0,
PL_U,Plant_Update,"ES : PLT - U02N:MICHEL_DIST:BELCAMP,MD,US",,MICHEL_DIST,,0,
PL_U,Plant_Update,"ES : PLT - U111:MICHEL_DIST_WHS_(LTR)-NE:ABERDEEN,MD,US",,MICHEL_DIST_WHS_(LTR)-NE,,0,
PL_U,Plant_Update,"ES : PLT - U0KQ:MICHEL_DISTRIB_SERV:JESSUP,MD,US",,MICHEL_DISTRIB_SERV,,0,
PL_U,Plant_Update,"ES : PLT - U0MB/U0N2:MID_CONTINENT_PKG_INC:ENID,OK,US",,MID_CONTINENT_PKG_INC,,0,
PL_U,Plant_Update,"ES : PLT - U0JG:MIDWEST_RDC:MINOOKA,IL,US",,MIDWEST_RDC,,0,
PL_U,Plant_Update,"ES : PLT - U0VU:MINOOKA VIRTUAL WHSE-CALTECH:MINOOKA,IL,US",,MINOOKA VIRTUAL WHSE-CALTECH,,0,
PL_U,Plant_Update,"ES : PLT - U0QQ:MOL-DOK:LEETSDALE,PA,US",,MOL-DOK,,0,
PL_U,Plant_Update,"ES : PLT - CABB:MPC_PLASTICS:CLEVELAND,OH,US",,MPC_PLASTICS,,0,
PL_U,Plant_Update,"ES : PLT - U0VP/U0VQ:MPK SONOMA CORPORATION:SONOMA,CA,US",,MPK SONOMA CORPORATION,,0,
PL_U,Plant_Update,"ES : PLT - CA5X:MTE_LOGISTIX:EDMONTON,AB,CA",,MTE_LOGISTIX,,0,
PL_U,Plant_Update,"ES : PLT - U0RX/U0Q1:MULTI-PACK CHICAGO (CLOUD):DES PLAINES,IL,US",,MULTI-PACK CHICAGO (CLOUD),,0,
PL_U,Plant_Update,"ES : PLT - U0VF:MWCPK:UNIVERSITY PARK,IL,US",,MWCPK,,0,
PL_U,Plant_Update,"ES : PLT - U07T:MWRPC:UNIVERSITY PARK,IL,US",,MWRPC,,0,
PL_U,Plant_Update,"ES : PLT - U01V:NATIONAL_DIST_CENTER:LODI,CA,US",,NATIONAL_DIST_CENTER,,0,
PL_U,Plant_Update,"ES : PLT - U021:NATIONAL_DIST_CENTER:CHINO,CA,US",,NATIONAL_DIST_CENTER,,0,
PL_U,Plant_Update,"ES : PLT - U01V:NATIONAL_DIST_CENTER:LODI,CA,US",,NATIONAL_DIST_CENTER,,0,
PL_U,Plant_Update,"ES : PLT - U0LA:NATIONAL_DIST_CENTERS:NASHVILLE,GA,US",,NATIONAL_DIST_CENTERS,,0,
PL_U,Plant_Update,"ES : PLT - U0NS:NATIONAL_DIST_CENTERS:PENNSAUKEN,NJ,US",,NATIONAL_DIST_CENTERS,,0,
PL_U,Plant_Update,"ES : PLT - U03N:NDC:ROSEBURG,OR,US",,NDC,,0,
PL_U,Plant_Update,"ES : PLT - U06G:NDC:BARRINGTON,NJ,US",,NDC,,0,
PL_U,Plant_Update,"ES : PLT - U0FK:NERDC:ABERDEEN,MD,US",,NERDC,,0,
PL_U,Plant_Update,"ES : PLT - U0WT:NERDC:PERRYMAN RD ABERDEEN,MD,US",,NERDC,,0,
PL_U,Plant_Update,"ES : PLT - U0NQ/U07N:NORTHDOWN_IND:DYERSBURG,TN,US",,NORTHDOWN_IND,,0,
PL_U,Plant_Update,"ES : PLT - U0NY/U0N4:NYLONGE:ELYRIA,OH,US",,NYLONGE,,0,
PL_U,Plant_Update,"ES : PLT - U0Q3:OHL LITTER OVERFLOW WAREHOUSE:KANSAS CITY,MO,US",,OHL LITTER OVERFLOW WAREHOUSE,,0,
PL_U,Plant_Update,"ES : PLT - U0C3/U032:OIL_DRI_CORPORATION:OCHLOCKNEE,GA,US",,OIL_DRI_CORPORATION,,0,
PL_U,Plant_Update,"ES : PLT - U0NJ/U0JE:OLMARC_PACKAGING_COMPANY:NORTHLAKE,IL,US",,OLMARC_PACKAGING_COMPANY,,0,
PL_U,Plant_Update,"ES : PLT - U01O:ORANGEVILLE_CANADA:ORANGEVILLE,ON,CA",,ORANGEVILLE_CANADA,,0,
PL_U,Plant_Update,"ES : PLT - U140:OWENS_BROCKWAY:CHICAGO,IL,US:U0A6",U0A6,OWENS_BROCKWAY,,0,
PL_U,Plant_Update,"ES : PLT - U143:OWENS_BROCKWAY:NORTH_KANSAS_CITY,MO,US:U0A6",U0A6,OWENS_BROCKWAY,,0,
PL_U,Plant_Update,"ES : PLT - U144:OWENS_BROCKWAY:VANDALIA,IL,US:U0G1",U0G1,OWENS_BROCKWAY,,0,
PL_U,Plant_Update,"ES : PLT - U0FY/U03Y:PACKAGING_ADVANTAGE_CORP:LOS_ANGELES,CA,US",,PACKAGING_ADVANTAGE_CORP,,0,
PL_U,Plant_Update,"ES : PLT - U0JW/U06P:PACON_MFG:SOMERSET,NJ,US",,PACON_MFG,,0,
PL_U,Plant_Update,"ES : PLT - CA4U:PENTAIR_FILTRATION:SHEBOYGAN,WI,US",,PENTAIR_FILTRATION,,0,
PL_U,Plant_Update,"ES : PLT - CALZ:PENTAIR_FILTRATION,:INC_SHEBOYGAN,WI,US",,"PENTAIR_FILTRATION,",,0,
PL_U,Plant_Update,"ES : PLT - CABN:PERFECTION_FINISHERS:WAUSEON,OH,US",,PERFECTION_FINISHERS,,0,
PL_U,Plant_Update,"ES : PLT - U0VR:PERRYMAN POSTPONEMENT WAREHOUSE:ABERDEEN,MD,US",,PERRYMAN POSTPONEMENT WAREHOUSE,,0,
PL_U,Plant_Update,"ES : PLT - U04X/U05N:PETOSKEY_PLASTICS:PETOSKEY,MI,US",,PETOSKEY_PLASTICS,,0,
PL_U,Plant_Update,"ES : PLT - U105/U0N6:PGI_NONWOVWNS:SMITHFIELD,PA,US",,PGI_NONWOVWNS,,0,
PL_U,Plant_Update,"ES : PLT - U0PT:PITZER_TRSFR_&_STRG_CORP:ROANOKE,VA,US",,PITZER_TRSFR_&_STRG_CORP,,0,
PL_U,Plant_Update,"ES : PLT - U03U/U0KB:PKG_SVC_AKA_FRONTIER_CHARCOAL:CHETOPA,KS,US",,PKG_SVC_AKA_FRONTIER_CHARCOAL,,0,
PL_U,Plant_Update,"ES : PLT - CAP5:PLASTIC_MOULDERS:ETOBICOKE,ON,CA",,PLASTIC_MOULDERS,,0,
PL_U,Plant_Update,"ES : PLT - CAB1:PLASTIPAK_INC:BRAMPTON,ON,CA",,PLASTIPAK_INC,,0,
PL_U,Plant_Update,"ES : PLT - U0TH/U02T:PORTION_PAC:STONE_MOUNTAIN,GA,US",,PORTION_PAC,,0,
PL_U,Plant_Update,"ES : PLT - CAP7:PRECISE_POLESTAR:STATE_COLLEGE,PA,US",,PRECISE_POLESTAR,,0,
PL_U,Plant_Update,"ES : PLT - U0GH/U0G7:PRECISION_PKGING_&_SVC:MONROE,OH,US",,PRECISION_PKGING_&_SVC,,0,
PL_U,Plant_Update,"ES : PLT - U0HM/U04M:PREMIER_ASSEMBLY:MODESTO,CA,US",,PREMIER_ASSEMBLY,,0,
PL_U,Plant_Update,"ES : PLT - U0JX/U06X:PREMIERE_PACKAGING_INC:FLINT,MI,US",,PREMIERE_PACKAGING_INC,,0,
PL_U,Plant_Update,"ES : PLT - U207:PREPAID_INVENTORY_A&M:SPRING_HILL,KS,US",,PREPAID_INVENTORY_A&M,,0,
PL_U,Plant_Update,"ES : PLT - U209:PREPAID_INVENTORY_BB:DURHAM,NC,US",,PREPAID_INVENTORY_BB,,0,
PL_U,Plant_Update,"ES : PLT - U205:PREPAID_INVENTORY_BRITA:STATE_COLLEGE,PA,US",,PREPAID_INVENTORY_BRITA,,0,
PL_U,Plant_Update,"ES : PLT - U206:PREPAID_INVENTORY_GLAD:AMHERST,VA,US",,PREPAID_INVENTORY_GLAD,,0,
PL_U,Plant_Update,"ES : PLT - U204:PREPAID_INVENTORY_HVR:WHEELING,IL,US",,PREPAID_INVENTORY_HVR,,0,
PL_U,Plant_Update,"ES : PLT - U203:PREPAID_INVENTORY_KINGSFORD:BELLE,MO,US",,PREPAID_INVENTORY_KINGSFORD,,0,
PL_U,Plant_Update,"ES : PLT - U202:PREPAID_INVENTORY_LHD:CHICAGO,IL,US",,PREPAID_INVENTORY_LHD,,0,
PL_U,Plant_Update,"ES : PLT - U0JL/U0R8:PRESTO_PRODUCTS:LEWISTON,UT,US",,PRESTO_PRODUCTS,,0,
PL_U,Plant_Update,"ES : PLT - U0TV/U0X5:PROFILE_INDUSTRIES_INC:SPRINGDALE,AR,US",,PROFILE_INDUSTRIES_INC,,0,
PL_U,Plant_Update,"ES : PLT - U0NU/U07U:REILLY FOAM CORP:NAPERVILLE,IL,US",,REILLY FOAM CORP,,0,
PL_U,Plant_Update,"ES : PLT - U0JY/U06Q:REILLY_FOAM_CORP:CONSHOHOCKEN,PA,US",,REILLY_FOAM_CORP,,0,
PL_U,Plant_Update,"ES : PLT - U0JY/U06Q:REILLY_FOAM_CORP:CONSHOHOCKEN,PA,US",,REILLY_FOAM_CORP,,0,
PL_U,Plant_Update,"ES : PLT - U03B:RIDGELEY_WAREHOUSE:RIDGELEY,WV,US",,RIDGELEY_WAREHOUSE,,0,
PL_U,Plant_Update,"ES : PLT - U0RV:RIVER_ROAD_TERMINALS:LOUISVILLE,KY,US",,RIVER_ROAD_TERMINALS,,0,
PL_U,Plant_Update,"ES : PLT - U0RK/U0R6:ROCKLINE_INDUSTR:SHEBOYGAN,WI,US",,ROCKLINE_INDUSTR,,0,
PL_U,Plant_Update,"ES : PLT - U0RL/U0R2:ROCKLINE_INDUSTR:SPRINGDALE,AR,US",,ROCKLINE_INDUSTR,,0,
PL_U,Plant_Update,"ES : PLT - U0VV/U0XV:ROCKLINE_INDUSTR:SHEBOYGAN FALLS,WI,US",,ROCKLINE_INDUSTR,,0,
PL_U,Plant_Update,"ES : PLT - U0RN:ROGERS_DPS/PPC_POST_WHSE:ROGERS,AR,US",,ROGERS_DPS/PPC_POST_WHSE,,0,
PL_U,Plant_Update,"ES : PLT - U0RF:ROGERS_DPS_POST_WHSE:ROGERS,AR,US",,ROGERS_DPS_POST_WHSE,,0,
PL_U,Plant_Update,"ES : PLT - U0UG/U07R:ROSKAM BAKING:KENTWOOD,MI,US",,ROSKAM BAKING,,0,
PL_U,Plant_Update,"ES : PLT - U0EN/U0J2:ROYAL_OAK:MONTEREY,TN,US",,ROYAL_OAK,,0,
PL_U,Plant_Update,"ES : PLT - U0EQ/U0T6:ROYAL_OAK:OCALA,FL,US",,ROYAL_OAK,,0,
PL_U,Plant_Update,"ES : PLT - U0ER/U0J8:ROYAL_OAK:JACKSONVILLE,TX,US",,ROYAL_OAK,,0,
PL_U,Plant_Update,"ES : PLT - U0EU/U0J9:ROYAL_OAK:SALEM,MO,US",,ROYAL_OAK,,0,
PL_U,Plant_Update,"ES : PLT - U0TN/U0T7:ROYAL_OAK:BRANSON,MO,US",,ROYAL_OAK,,0,
PL_U,Plant_Update,"ES : PLT - U0TQ/U0T8:ROYAL_OAK:WEST_PLAINS,MO,US",,ROYAL_OAK,,0,
PL_U,Plant_Update,"ES : PLT - U0XA/U0X4:ROYAL_OAK:WHITE_CITY,OR,US",,ROYAL_OAK,,0,
PL_U,Plant_Update,"ES : PLT - U0LL:SANDEL_POSTPONEMENT:SPRING_HILL,KS,US",,SANDEL_POSTPONEMENT,,0,
PL_U,Plant_Update,"ES : PLT - U0EF:SAVAGE_INDUSTRIES_INC:BOWBELLS,ND,US",,SAVAGE_INDUSTRIES_INC,,0,
PL_U,Plant_Update,"ES : PLT - U0SV/U0S4:SCHIRM_USA_INC:ENNIS,TX,US",,SCHIRM_USA_INC,,0,
PL_U,Plant_Update,"ES : PLT - U0VG:SECPK-SOUTHCREEK:FAIRBURN,GA,US",,SECPK-SOUTHCREEK,,0,
PL_U,Plant_Update,"ES : PLT - U07S:SERPC-SOUTHCREEK:FAIRBURN,GA,US",,SERPC-SOUTHCREEK,,0,
PL_U,Plant_Update,"ES : PLT - U0BZ:SERVICECRAFT:ONTARIO,CA,US",,SERVICECRAFT,,0,
PL_U,Plant_Update,"ES : PLT - U019:SERVICECRAFT_DIST_WHSE_#15:CARSON,CA,US",,SERVICECRAFT_DIST_WHSE_#15,,0,
PL_U,Plant_Update,"ES : PLT - U0MM:SILGAN_PLASTICS:MONROE,GA,US:U0A4",U0A4,SILGAN_PLASTICS,,0,
PL_U,Plant_Update,"ES : PLT - U0MP:SILGAN_PLASTICS:LIGONIER,IN,US:U0A6",U0A6,SILGAN_PLASTICS,,0,
PL_U,Plant_Update,"ES : PLT - U0SW:SILGAN_PLASTICS:OTTAWA,OH,US:U0G1",U0G1,SILGAN_PLASTICS,,0,
PL_U,Plant_Update,"ES : PLT - U0XS:SILGAN_PLASTICS:DEEP RIVER,CT,US:",,SILGAN_PLASTICS,,0,
PL_U,Plant_Update,"ES : PLT - U02Q/U0FZ:SILVER_SPRING_GARDENS:EAU_CLAIRE,WI,US",,SILVER_SPRING_GARDENS,,0,
PL_U,Plant_Update,"ES : PLT - CA3H:SMURFIT_IMAGE_PAC:TORONTO,ON,CA",,SMURFIT_IMAGE_PAC,,0,
PL_U,Plant_Update,"ES : PLT - U0HJ/U0H3:SMURFIT_STONE_CONT_CORP:PORTAGE,IN,US",,SMURFIT_STONE_CONT_CORP,,0,
PL_U,Plant_Update,"ES : PLT - U0NG:SOUTHEAST_RDC:EAST_POINT,GA,US",,SOUTHEAST_RDC,,0,
PL_U,Plant_Update,"ES : PLT - U04F:SOUTHSIDE_DIST_CENTER_POST:ATLANTA,GA,US",,SOUTHSIDE_DIST_CENTER_POST,,0,
PL_U,Plant_Update,"ES : PLT - U0LQ:SOUTHWEST_RDC:ROANOKE,TX,US",,SOUTHWEST_RDC,,0,
PL_U,Plant_Update,"ES : PLT - U0PX/U0P1:SPONTEX:COLUMBIA,TN,US",,SPONTEX,,0,
PL_U,Plant_Update,"ES : PLT - U06S:STEVENS__RENTAL:ROLLA,MO,US",,STEVENS__RENTAL,,0,
PL_U,Plant_Update,"ES : PLT - U0PU:STEVENS_PUBLIC_WAREHOUSE:ROLLA,MO,US",,STEVENS_PUBLIC_WAREHOUSE,,0,
PL_U,Plant_Update,"ES : PLT - U0RD:STOUDT_FERRY_CO:OAKS,PA,US",,STOUDT_FERRY_CO,,0,
PL_U,Plant_Update,"ES : PLT - U0JN/U06N:STRUEMPH:BELLE,MO,US",,STRUEMPH,,0,
PL_U,Plant_Update,"ES : PLT - U0JU/U05V:STRUEMPH:STEELVILLE,MO,US",,STRUEMPH,,0,
PL_U,Plant_Update,"ES : PLT - U0E2/U025:SYBRON_CHEMICALS_INC:SALEM,VA,US",,SYBRON_CHEMICALS_INC,,0,
PL_U,Plant_Update,"ES : PLT - CALJ:TALON_RETAIL:MISSISSAUGA,ON,CA",,TALON_RETAIL,,0,
PL_U,Plant_Update,"ES : PLT - CA2R:TALON_RETAIL_STRATEGIES_GRP:MISSISSAUGA,ON,CA",,TALON_RETAIL_STRATEGIES_GRP,,0,
PL_U,Plant_Update,"ES : PLT - U038:TAMPA_DISTRIBUTION_CENTR:TAMPA,FL,US",,TAMPA_DISTRIBUTION_CENTR,,0,
PL_U,Plant_Update,"ES : PLT - CA3M:TANGENT_TRNSPRT_&_DIST_CTR:MISSISSAUGA,ON,CA",,TANGENT_TRNSPRT_&_DIST_CTR,,0,
PL_U,Plant_Update,"ES : PLT - U057:THAILAND_PORT_PLANT:SRIRACHA,10,TH",,THAILAND_PORT_PLANT,,0,
PL_U,Plant_Update,"ES : PLT - U0KJ/U06Y:THERMO PAC:STONE MOUNTAIN,GA,US",,THERMO PAC,,0,
PL_U,Plant_Update,"ES : PLT - U0LR:TITAN:SOUTH_GATE,CA,US",,TITAN,,0,
PL_U,Plant_Update,"ES : PLT - U0FJ/U01J:TLC_PACKAGING:CLEVELAND,OH,US",,TLC_PACKAGING,,0,
PL_U,Plant_Update,"ES : PLT - U128/U01G:TLC_PACKAGING:MEDINA,OH,US",,TLC_PACKAGING,,0,
PL_U,Plant_Update,"ES : PLT - U134:TRANSPORTATION_SERVICES_PLANT:OAKLAND,CA,US",,TRANSPORTATION_SERVICES_PLANT,,0,
PL_U,Plant_Update,"ES : PLT - U0TK/U0T4:TRANSWESTERN_POLYMERS:LIVERMORE,CA,US",,TRANSWESTERN_POLYMERS,,0,
PL_U,Plant_Update,"ES : PLT - U0UL/U0Y6:TRANSWESTERN_POLYMERS:TAMAQUA,PA,US",,TRANSWESTERN_POLYMERS,,0,
PL_U,Plant_Update,"ES : PLT - U0TA/U0T1:TRIAD_GROUP:MUKWONAGO,WI,US",,TRIAD_GROUP,,0,
PL_U,Plant_Update,"ES : PLT - U0JZ/U01Y:TUFCO_TECHNOLOGIES_INC:GREEN BAY,WI,US",,TUFCO_TECHNOLOGIES_INC,,0,
PL_U,Plant_Update,"ES : PLT - U0KH/U0K4:TYCO/KENDALL_HLTHCR:ATLANTA,GA,US",,TYCO/KENDALL_HLTHCR,,0,
PL_U,Plant_Update,"ES : PLT - U0TY:TYLER_DISTRIBUTION_SYS:CRANBURY,NJ,US",,TYLER_DISTRIBUTION_SYS,,0,
PL_U,Plant_Update,"ES : PLT - U05L/U054:U.S._NONWOVEN_CORPORATION:BRENTWOOD,NY,US",,U.S._NONWOVEN_CORPORATION,,0,
PL_U,Plant_Update,"ES : PLT - U0UU:UNIVERSITY PARK MFG EXCEPTION PLT:UNIVERSITY PARK,IL,US",,UNIVERSITY PARK MFG EXCEPTION PLT,,0,
PL_U,Plant_Update,"ES : PLT - U0VD:UVDI MFG EXCEPTION PLT VALENCIA,CA,US",,"UVDI MFG EXCEPTION PLT VALENCIA,CA,US",,0,
PL_U,Plant_Update,"ES : PLT - U06D:VALLEY_WAREHOUSE:SOMERSET,KY,US",,VALLEY_WAREHOUSE,,0,
PL_U,Plant_Update,"ES : PLT - U0VL/U07L:VALSPAR CORP:FREMONT,MI,US",,VALSPAR CORP,,0,
PL_U,Plant_Update,"ES : PLT - U05M/U055:VAN_DAM_MACHINE_CORP:WEST_PATERSON,NJ,US",,VAN_DAM_MACHINE_CORP,,0,
PL_U,Plant_Update,"ES : PLT - U0KE/U06U:VAN_DAM_MACHINE_CORPORP:PARSIPPANY,NJ,US",,VAN_DAM_MACHINE_CORPORP,,0,
PL_U,Plant_Update,"ES : PLT - U0VJ/U0X3:VEGETABLE_JUICES_INC:BEDFORD_PARK,IL,US",,VEGETABLE_JUICES_INC,,0,
PL_U,Plant_Update,"ES : PLT - U0VT:VIETNAM PORT PLANT:HO CHI MINH CITY,LONG AN,VT",,VIETNAM PORT PLANT,,0,
PL_U,Plant_Update,"ES : PLT - CA5T:VISUAL_PAK:WAUKEGAN,IL,US",,VISUAL_PAK,,0,
PL_U,Plant_Update,"ES : PLT - U124/U0U1:VISUAL_PAK:WAUKEGAN,IL,US",,VISUAL_PAK,,0,
PL_U,Plant_Update,"ES : PLT - U02Y/U0KA:WAGNER_INDUSTRIES:GRAND_PRAIRIE,TX,US",,WAGNER_INDUSTRIES,,0,
PL_U,Plant_Update,"ES : PLT - U03C/U033:WAGNER_INDUSTRIES:MORROW,GA,US",,WAGNER_INDUSTRIES,,0,
PL_U,Plant_Update,"ES : PLT - U03Z/U0LX:WAGNER_INDUSTRIES:KANSAS_CITY,MO,US",,WAGNER_INDUSTRIES,,0,
PL_U,Plant_Update,"ES : PLT - U0JV/U05Y:WAGNER_INDUSTRIES:KANSAS_CITY,MO,US",,WAGNER_INDUSTRIES,,0,
PL_U,Plant_Update,"ES : PLT - U0R7/U0LK:WAGNER_INDUSTRIES:KANSAS_CITY,KS,US",,WAGNER_INDUSTRIES,,0,
PL_U,Plant_Update,"ES : PLT - U149:WAGNER_INDUSTRIES:KANSAS_CITY,KS,US",,WAGNER_INDUSTRIES,,0,
PL_U,Plant_Update,"ES : PLT - U150:WAGNER_INDUSTRIES:NORTH_KANSAS_CITY,MO,US",,WAGNER_INDUSTRIES,,0,
PL_U,Plant_Update,"ES : PLT - U0KG/U06V:WAGNER_INDUSTRIES_INC:NORTH KANSAS CITY,MO,US",,WAGNER_INDUSTRIES_INC,,0,
PL_U,Plant_Update,"ES : PLT - U0WG:WAGNER_INDUSTRIES_INC, 68TH ST WHS:KANSAS CITY,KS,US",,"WAGNER_INDUSTRIES_INC, 68TH ST WHS",,0,
PL_U,Plant_Update,"ES : PLT - U0WQ:WAGNER_INDUSTRIES_INC, NKC WHS:NORTH KANSAS CITY,KS,US",,"WAGNER_INDUSTRIES_INC, NKC WHS",,0,
PL_U,Plant_Update,"ES : PLT - U04Q/U05W:WEBSTER_INDUSTRIES:MONTGOMERY,AL,US",,WEBSTER_INDUSTRIES,,0,
PL_U,Plant_Update,"ES : PLT - U0UF/U07G:WEST_PENN_OIL_CO:WARREN,PA,US",,WEST_PENN_OIL_CO,,0,
PL_U,Plant_Update,"ES : PLT - U03G/U013:WEST_SALEM_PACKAGING:LANCASTER,OH,US",,WEST_SALEM_PACKAGING,,0,
PL_U,Plant_Update,"ES : PLT - U03M/U016:WEST_SALEM_PACKAGING:WEST_SALEM,OH,US",,WEST_SALEM_PACKAGING,,0,
PL_U,Plant_Update,"ES : PLT - U113:WETZ_WAREHOUSE:MARIETTA,OH,US",,WETZ_WAREHOUSE,,0,
PL_U,Plant_Update,"ES : PLT - U0WB/U0W9:WHITESTONE_ACQUISITION:BLOOMINGTON,IN,US",,WHITESTONE_ACQUISITION,,0,
PL_U,Plant_Update,"ES : PLT - U0E8/U077:WILPACK_(AMWARE):FOREST_PARK,GA,US",,WILPACK_(AMWARE),,0,
PL_U,Plant_Update,"ES : PLT - U0WD/U06W:WINONA_FOODS:GREEN_BAY,WI,US",,WINONA_FOODS,,0,
PL_U,Plant_Update,"ES : PLT - U0WD/U06W:WINONA_FOODS:GREEN_BAY,WI,US",,WINONA_FOODS,,0,
PL_U,Plant_Update,"ES : PLT - U0WX/U07X:WIXON:ST_FRANCIS,WI,US",,WIXON,,0,
PL_U,Plant_Update,"ES : PLT - U0DE/U109:WOODSTOCK_PLASTICS:MARENGO,IL,US",,WOODSTOCK_PLASTICS,,0,
PL_U,Plant_Update,"ES : PLT - U0JK/U01Q:WSP_INC:ROGERS,AR,US",,WSP_INC,,0,
PL_U,Plant_Update,ES : PLT - VISUAL PAK (ATLANTA) - CPK,, VISUAL PAK (ATLANTA) ,,0,
PL_U,Plant_Update,ES : PLT - MALCO PRODUCTS - CPK,, MALCO PRODUCTS ,,0,
PL_U,Plant_Update,ES : PLT - GOODWIN EAST - CPK,, GOODWIN EAST ,,0,
PL_U,Plant_Update,ES : PLT - PACON MANUFACTURING - CPK,, PACON MANUFACTURING ,,0,
PL_U,Plant_Update,ES : PLT - CPK - Parent Role,,CPK Parent,,0,
PL_U,Plant_Update,ES : PLT - All Plants IM Changes for ZSUSP,, All Plants IM Changes for ZSUSP,,0,
PL_U,Plant_Update,ES : PLT - All Plants PO Changes,, All Plants PO Changes,,0,
PL_U,Plant_Update,ES : PLT - All Plants PO Display Only,, All Plants PO Display Only,,0,
PL_U,Plant_Update,ES : PLT - All Kingsford MFG Plants PO Changes,, All Kingsford MFG Plants PO Changes,,0,
PL_U,Plant_Update,ES : PLT - All Trans Loading Plants,, All Trans Loading Plants,,0,
PL_U,Plant_Update,ES : PLT - Amherst VMI MRP Controller VM1,, Amherst VMI MRP Controller VM1,,0,
PL_U,Plant_Update,ES : PLT - Amherst VMI MRP Controller VM4,, Amherst VMI MRP Controller VM4,,0,
PL_U,Plant_Update,ES : PLT - ROGERS VMI MRP Controller VM1,, ROGERS VMI MRP Controller VM1,,0,
PL_U,Plant_Update,ES : PLT - ROGERS VMI MRP Controller VM3,, ROGERS VMI MRP Controller VM3,,0,
PL_U,Plant_Update,ES : PLT - ROGERS VMI MRP Controller VM5,, ROGERS VMI MRP Controller VM5,,0,
PL_U,Plant_Update,ES : PLT - SPRNG HLL VMI MRP Controller VM1,, SPRNG HLL VMI MRP Controller VM1,,0,
PL_U,Plant_Update,ES : PLT - SPRNG HLL VM2 MRP Controller VM2,, SPRNG HLL VM2 MRP Controller VM2,,0,
PL_U,Plant_Update,ES : PLT - TRANSWESTERN POLYMERS VMI MRP Controller VM5,, TRANSWESTERN POLYMERS VMI MRP Controller VM5,,0,
PL_U,Plant_Update,ES : PLT - MFG - Parent Role,,MFG Parent Role,,0,
PL_U,Plant_Update,ES : PLT - GLEN Maintenance Plant,, GLEN Maintenance Plant,,0,
PL_U,Plant_Update,ES : PLT - CHICAGO Maintenance Plant,, CHICAGO Maintenance Plant,,0,
PL_U,Plant_Update,ES : PLT - ATLANTA Maintenance Plant,, ATLANTA Maintenance Plant,,0,
PL_U,Plant_Update,ES : PLT - HOUSTON Maintenance Plant,, HOUSTON Maintenance Plant,,0,
PL_U,Plant_Update,ES : PLT - DURHAM Maintenance Plant,, DURHAM Maintenance Plant,,0,
PL_U,Plant_Update,ES : PLT - ABERDEEN Maintenance Plant,, ABERDEEN Maintenance Plant,,0,
PL_U,Plant_Update,ES : PLT - WHEELING Maintenance Plant,, WHEELING Maintenance Plant,,0,
PL_U,Plant_Update,ES : PLT - Amherst Maintenance Plant,, Amherst Maintenance Plant,,0,
PL_U,Plant_Update,ES : PLT - ROGERS Maintenance Plant,, ROGERS Maintenance Plant,,0,
PL_U,Plant_Update,ES : PLT - BELLE Maintenance Plant,, BELLE Maintenance Plant,,0,
PL_U,Plant_Update,ES : PLT - Burn_Side Maintenance Plant,, Burn_Side Maintenance Plant,,0,
PL_U,Plant_Update,ES : PLT - PARSONS Maintenance Plant,, PARSONS Maintenance Plant,,0,
PL_U,Plant_Update,ES : PLT - SPRNGFLD Maintenance Plant,, SPRNGFLD Maintenance Plant,,0,
PL_U,Plant_Update,ES : PLT - BERYL Maintenance Plant,, BERYL Maintenance Plant,,0,
PL_U,Plant_Update,ES : PLT - SUMR_SHDE Maintenance Plant,, SUMR_SHDE Maintenance Plant,,0,
PL_U,Plant_Update,ES:  PLT - MNT - Parent Role,,MNT Parent Role,,0,
PL_U,Plant_Update,ES : PLT - Edmonton PO Changes,, Edmonton PO Changes,,0,
PL_U,Plant_Update,ES : PLT - Brampton PO Changes,, Brampton PO Changes,,0,
PL_U,Plant_Update,ES : PLT - Cleveland PO Changes,, Cleveland PO Changes,,0,
PL_U,Plant_Update,ES : PLT - Los Angeles PO Changes,, Los Angeles PO Changes,,0,
PL_U,Plant_Update,ES : PLT - Tampa PO Changes,, Tampa PO Changes,,0,
PL_U,Plant_Update,ES : PLT - Glen PO Changes,, Glen PO Changes,,0,
PL_U,Plant_Update,ES : PLT - Chicago PO Changes,, Chicago PO Changes,,0,
PL_U,Plant_Update,ES : PLT - Atlanta PO Changes,, Atlanta PO Changes,,0,
PL_U,Plant_Update,ES : PLT - Houston PO Changes,, Houston PO Changes,,0,
PL_U,Plant_Update,ES : PLT - Cleveland PO Changes,, Cleveland PO Changes,,0,
PL_U,Plant_Update,ES : PLT - Los Angeles PO Changes,, Los Angeles PO Changes,,0,
PL_U,Plant_Update,ES : PLT - Fairfield PO Changes,, Fairfield PO Changes,,0,
PL_U,Plant_Update,ES : PLT - Tampa PO Changes,, Tampa PO Changes,,0,
PL_U,Plant_Update,ES : PLT - Aberdeen PO Changes,, Aberdeen PO Changes,,0,
PL_U,Plant_Update,ES : PLT - Kemper PO Changes,, Kemper PO Changes,,0,
PL_U,Plant_Update,ES : PLT - Wheeling PO Changes,, Wheeling PO Changes,,0,
PL_U,Plant_Update,ES : PLT - Reno PO Changes,, Reno PO Changes,,0,
PL_U,Plant_Update,ES : PLT - Amherst PO Changes,, Amherst PO Changes,,0,
PL_U,Plant_Update,ES : PLT - Rogers PO Changes,, Rogers PO Changes,,0,
PL_U,Plant_Update,ES : PLT - Huntington PO Changes,, Huntington PO Changes,,0,
PL_U,Plant_Update,ES : PLT - Spring Hill PO Changes,, Spring Hill PO Changes,,0,
PL_U,Plant_Update,ES : PLT - Belle PO Changes,, Belle PO Changes,,0,
PL_U,Plant_Update,ES : PLT - Burnside PO Changes,, Burnside PO Changes,,0,
PL_U,Plant_Update,ES : PLT - Parsons PO Changes,, Parsons PO Changes,,0,
PL_U,Plant_Update,ES : PLT - Springfield PO Changes,, Springfield PO Changes,,0,
PL_U,Plant_Update,ES : PLT - Louisville PO Changes,, Louisville PO Changes,,0,
PL_U,Plant_Update,ES : PLT - Beryl PO Changes,, Beryl PO Changes,,0,
PL_U,Plant_Update,ES : PLT - Summer Shade PO Changes,, Summer Shade PO Changes,,0,
PL_U,Plant_Update,ES : PLT - PORT - Parent Role,, PORT Parent,,0,
PL_U,Plant_Update,ES : PLT - POST - Parent Role,, POST Parent,,0,
PL_U,Plant_Update,ES:  PLT - PO - Parent Role,, PO ,,0,
PL_U,Plant_Update,ES : PLT - PRPD - Parent Role,, PRPD ,,0,
PL_U,Plant_Update,ES : PLT - RDC - Parent Role,, RDC ,,0,
PL_U,Plant_Update,ES : PLT - TRAN - Parent Role,, TRAN ,,0,
PL_U,Plant_Update,ES : PLT - LOS_ANGLES PDC Warehouse,, LOS_ANGLES PDC Warehouse,,0,
PL_U,Plant_Update,ES : PLT - SPRNG_HILL PDC Warehouse,, SPRNG_HILL PDC Warehouse,,0,
PL_U,Plant_Update,ES : PLT - TAMPA_DIST WHS Warehouse,, TAMPA_DIST WHS Warehouse,,0,
PL_U,Plant_Update,ES : PLT - BONDED_SVC RDC Warehouse,, BONDED_SVC RDC Warehouse,,0,
PL_U,Plant_Update,ES : PLT - SUMR_SHDE PDC Warehouse,, SUMR_SHDE PDC Warehouse,,0,
PL_U,Plant_Update,ES : PLT - ATL_SOUTHSIDE POST Warehouse,, ATL_SOUTHSIDE POST Warehouse,,0,
PL_U,Plant_Update,ES : PLT - CLX_EMILE WHS Warehouse,, CLX_EMILE WHS Warehouse,,0,
PL_U,Plant_Update,ES : PLT - FRFLD-HUNT PDC Warehouse,,HUNT PDC Warehouse,,0,
PL_U,Plant_Update,ES : PLT - HERMAN_DIST WHS Warehouse,, HERMAN_DIST WHS Warehouse,,0,
PL_U,Plant_Update,ES : PLT - NATL_DIST RDC Warehouse,, NATL_DIST RDC Warehouse,,0,
PL_U,Plant_Update,ES : PLT - BRANCH_WHS RDC Warehouse,, BRANCH_WHS RDC Warehouse,,0,
PL_U,Plant_Update,ES : PLT - WAGNER-KC1 CPKDC Warehouse,,KC1 CPKDC Warehouse,,0,
PL_U,Plant_Update,ES : PLT - SANDEL-SPRH WHS Warehouse,,SPRH WHS Warehouse,,0,
PL_U,Plant_Update,ES : PLT - WAGNER-KC2 CPKDC Warehouse,,KC2 CPKDC Warehouse,,0,
PL_U,Plant_Update,ES : PLT - ROGERS_DPS_PPC POST Warehouse,, ROGERS_DPS_PPC POST Warehouse,,0,
PL_U,Plant_Update,ES : PLT - AMHERST_DPS_PPC POST Warehouse,, AMHERST_DPS_PPC POST Warehouse,,0,
PL_U,Plant_Update,ES : PLT - WAGNER-KC RDC Warehouse,,KC RDC Warehouse,,0,
PL_U,Plant_Update,ES : PLT - SUMR_SHDE Maintenance Plant,, SUMR_SHDE Maintenance Plant,,0,
PL_U,Plant_Update,ES : PLT - BURN_SIDE Maintenance Plant,, BURN_SIDE Maintenance Plant,,0,
PL_U,Plant_Update,ES : PLT - Atlanta West Maintenance Warehouse,, Atlanta West Maintenance Warehouse,,0,
PL_U,Plant_Update,ES : PLT - CLX_HSTN WHS Warehouse,, CLX_HSTN WHS Warehouse,,0,
PL_U,Plant_Update,ES : PLT - NDC CHINO - WHS,, NDC CHINO ,,0,
PL_U,Plant_Update,ES : PLT - ATLANTA PDC Warehouse,, ATLANTA PDC Warehouse,,0,
PL_U,Plant_Update,ES : PLT - HOUSTON PDC Warehouse,, HOUSTON PDC Warehouse,,0,
PL_U,Plant_Update,ES : PLT - RENO PDC Warehouse,, RENO PDC Warehouse,,0,
PL_U,Plant_Update,ES : PLT - BELLE PDC Warehouse,, BELLE PDC Warehouse,,0,
PL_U,Plant_Update,ES : PLT - WHEELING PDC Warehouse,, WHEELING PDC Warehouse,,0,
PL_U,Plant_Update,ES : PLT - HARRIS_ST WHS Warehouse,, HARRIS_ST WHS Warehouse,,0,
PL_U,Plant_Update,ES : PLT - BURNSIDE PDC Warehouse,, BURNSIDE PDC Warehouse,,0,
PL_U,Plant_Update,ES : PLT - UNITED WHS Warehouse,, UNITED WHS Warehouse,,0,
PL_U,Plant_Update,ES : PLT - PARSONS PDC Warehouse,, PARSONS PDC Warehouse,,0,
PL_U,Plant_Update,ES : PLT - ABERDEEN PDC Warehouse,, ABERDEEN PDC Warehouse,,0,
PL_U,Plant_Update,ES : PLT - SPRNGFLD PDC Warehouse,, SPRNGFLD PDC Warehouse,,0,
PL_U,Plant_Update,ES : PLT - MINOOKA POST Warehouse,, MINOOKA POST Warehouse,,0,
PL_U,Plant_Update,ES : PLT - Amherst PDC Warehouse,, Amherst PDC Warehouse,,0,
PL_U,Plant_Update,ES : PLT - ROGERS PDC Warehouse,, ROGERS PDC Warehouse,,0,
PL_U,Plant_Update,ES : PLT - FLOWOOD WHS Warehouse,, FLOWOOD WHS Warehouse,,0,
PL_U,Plant_Update,ES : PLT - ROGERS_DPS POST Warehouse,, ROGERS_DPS POST Warehouse,,0,
PL_U,Plant_Update,ES : PLT - AMHERST_DPS POST Warehouse,, AMHERST_DPS POST Warehouse,,0,
PL_U,Plant_Update,ES : PLT - ROGERS NORTH KFD Warehouse,, ROGERS NORTH KFD Warehouse,,0,
PL_U,Plant_Update,ES : PLT - WHEELING Maintenance Warehouse,, WHEELING Maintenance Warehouse,,0,
PL_U,Plant_Update,ES : PLT - ATLANTA Maintenance Warehouse,, ATLANTA Maintenance Warehouse,,0,
PL_U,Plant_Update,ES : PLT - HOUSTON Maintenance Plant,, HOUSTON Maintenance Plant,,0,
PL_U,Plant_Update,ES : PLT - ABERDEEN Maintenance Warehouse,, ABERDEEN Maintenance Warehouse,,0,
PL_U,Plant_Update,ES : PLT - Amherst Maintenance Warehouse,, Amherst Maintenance Warehouse,,0,
PL_U,Plant_Update,ES : PLT - ROGERS Maintenance Plant,, ROGERS Maintenance Plant,,0,
PL_U,Plant_Update,ES : PLT - BELLE Maintenance Plant,, BELLE Maintenance Plant,,0,
PL_U,Plant_Update,ES : PLT - PARSONS Maintenance Plant,, PARSONS Maintenance Plant,,0,
PL_U,Plant_Update,ES : PLT - SPRNGFLD Maintenance Plant,, SPRNGFLD Maintenance Plant,,0,
PL_U,Plant_Update,ES : PLT - BERYL Maintenance Plant,, BERYL Maintenance Plant,,0,
PL_U,Plant_Update,ES : PLT - GLEN Maintenance Plant,, GLEN Maintenance Plant,,0,
PL_U,Plant_Update,ES : PLT - Raleigh Maintenance Warehouse,, Raleigh Maintenance Warehouse,,0,
PL_U,Plant_Update,ES:  PLT - WHSE - Parent Role,, WHSE ,,0,
PL_U,Plant_Update,ES : PLT - WHS - Parent Role,, WHS ,,0,
PC_D,Profit_Center_Display,FI: ENB - All Profit Centers Display,,All Profit Center Display,Display access to all profit centers,36,
PC_U,Profit_Center_Update,FI: ENB - All Active US Profit Centers excluding Corp and INTL,,US Profit Center,Maintain and display US Profit Center data only,47,
PC_U,Profit_Center_Update,FI: ENB - All Profit Centers,,All Profit Center Maintain ,Maintain and display all  Profit Center data,44,
PC_U,Profit_Center_Update,FI: ENB - Brita Profit Centers,,Brita Profit Center ,Maintain and display Brita Profit Center data only,50,
PC_U,Profit_Center_Update,FI: ENB - Burts Bees Profit Center,,Burts Bees Profit Center ,Maintain and display Burts Bees Profit Center data only,55,
PC_U,Profit_Center_Update,FI: ENB - Active Canada Profit Centers,,Canada Profit Center ,Maintain and display Canada Profit Center data only,51,
PC_U,Profit_Center_Update,FI: ENB - Charcoal Profit Centers,,Charcoal Profit Center ,Maintain and display Charcoal Profit Center data only,53,
PC_U,Profit_Center_Update,FI: ENB - Corporate Profit Centers,,Corporate Profit Center ,Maintain and display Corporate Profit Center data only,54,
PC_U,Profit_Center_Update,FI: ENB - Food Profit Center,,Food Profit Center ,Maintain and display Food Profit Center data only,49,
PC_U,Profit_Center_Update,FI: ENB - Glad Profit Centers,,Glad Profit Center ,Maintain and display Glad Profit Center data only,49,
PC_U,Profit_Center_Update,FI: ENB - International Profit Centers Active,,International Profit Center ,Maintain and display International Profit Center data only,58,
PC_U,Profit_Center_Update,FI: ENB - Laundry & Homecare Profit Centers,,Laundry & Homecare Profit Center ,Maintain and display Laundry & Homecare Profit Center data only,63,
PC_U,Profit_Center_Update,FI: ENB - Litter Profit Centers,,Litter Profit Center ,Maintain and display Litter Profit Center data only,51,
PC_U,Profit_Center_Update,FI: ENB - Nutranext Profit Centers,,Nutranext Profit Center ,Maintain and display Nutranext Profit Center data only,54,
PC_U,Profit_Center_Update,FI: ENB - Professional Products Division Profit Centers,,Professional Products Division Profit Center ,Maintain and display Professional Products Division Profit Center data only,75,
PC_U,Profit_Center_Update,FI: ENB - Renew Life Profit Centers,,Renew Life Profit Center ,Maintain and display Renew Life Profit Center data only,55,
PD_D,Purchasing_Doc_Type_Display,ES:  PDT - Purch Doc Type - Display All Doc Types,, Display All Doc Types, Purch Doc Type ,16,
PD_U,Purchasing_Doc_Type_Update,ES:  PDT - Purch Doc Type - Access to All Doc Types,, Access to All Doc Types, Purch Doc Type ,16,
PD_U,Purchasing_Doc_Type_Update,ES:  PDT - Purch Doc Type - Clorox & 3PL,, Clorox & 3PL, Purch Doc Type ,16,
PD_U,Purchasing_Doc_Type_Update,ES:  PDT - Purch Doc Type - Clorox Purchase Order,, Clorox Purchase Order, Purch Doc Type ,16,
PD_U,Purchasing_Doc_Type_Update,ES:  PDT - Purch Doc Type - Contracts & Legacy Conversion,, Contracts & Legacy Conversion, Purch Doc Type ,16,
PD_U,Purchasing_Doc_Type_Update,ES:  PDT - Purch Doc Type - Framework Orders,, Framework Orders, Purch Doc Type ,16,
PD_U,Purchasing_Doc_Type_Update,ES:  PDT - Purch Doc Type - MRP Documents,, MRP Documents, Purch Doc Type ,16,
PD_U,Purchasing_Doc_Type_Update,ES:  PDT - Purch Doc Type - Pre-paid Purchase Order,, Pre, Purch Doc Type ,16,paid Purchase Order
PD_U,Purchasing_Doc_Type_Update,ES:  PDT - Purch Doc Type - Release Emptyware,, Release Emptyware, Purch Doc Type ,16,
PD_U,Purchasing_Doc_Type_Update,ES:  PDT - Purch Doc Type - Return to Vendor PO,, Return to Vendor PO, Purch Doc Type ,16,
PD_U,Purchasing_Doc_Type_Update,ES:  PDT - Purch Doc Type - RFQ/Outline Agreement Requisition,, RFQ/Outline Agreement Requisition, Purch Doc Type ,16,
PD_U,Purchasing_Doc_Type_Update,ES:  PDT - Purch Doc Type - Special Purchase Order (Brita),, Special Purchase Order (Brita), Purch Doc Type ,16,
PD_U,Purchasing_Doc_Type_Update,ES:  PDT - Purch Doc Type - STO Brita,, STO Brita, Purch Doc Type ,16,
PD_U,Purchasing_Doc_Type_Update,ES:  PDT - Purch Doc Type - STO CTC,, STO CTC, Purch Doc Type ,16,
PD_U,Purchasing_Doc_Type_Update,ES:  PDT - Purch Doc Type - STO Deployment,, STO Deployment, Purch Doc Type ,16,
PD_U,Purchasing_Doc_Type_Update,ES:  PDT - Purch Doc Type - STO Emptyware,, STO Emptyware, Purch Doc Type ,16,
PD_U,Purchasing_Doc_Type_Update,ES:  PDT - Purch Doc Type - STO Finished Goods,, STO Finished Goods, Purch Doc Type ,16,
PD_U,Purchasing_Doc_Type_Update,ES:  PDT - Purch Doc Type - STO MFG,, STO MFG, Purch Doc Type ,16,
PD_U,Purchasing_Doc_Type_Update,ES:  PDT - Purch Doc Type - STO Pre-paid,, STO Pre, Purch Doc Type ,16,paid
PD_U,Purchasing_Doc_Type_Update,"ES: PDT - Purch Doc Type - MK, WK, FO. Only Clx Corp Procurement.",," MK, WK, FO. Only Clx Corp Procurement.", Purch Doc Type ,16,
PD_U,Purchasing_Doc_Type_Update,"ES: PDT - Purch Doc Type - UB, Z03, Z04, Z05, Z06, ZPD.Assigned by job at Plant",," UB, Z03, Z04, Z05, Z06, ZPD.Assigned by job at Plant", Purch Doc Type ,16,
PD_U,Purchasing_Doc_Type_Update,"ES: PDT - Purch Doc Type - ZCA,ZER,ZPL,ZST. Only Clx Users.",," ZCA,ZER,ZPL,ZST. Only Clx Users.", Purch Doc Type ,16,
PD_U,Purchasing_Doc_Type_Update,ES: PDT - Purch Doc Type - ZFR. Freight Payables users only. No Plant users.,, ZFR. Freight Payables users only. No Plant users., Purch Doc Type ,16,
SD_D,Sales_Doc_Type_Display,OTC : SDT - Sales Doc Type - Display all Doc Types,, Display all Sales Doc Types, Sales Doc Type ,16,
SD_U,Sales_Doc_Type_Update,OTC: SDT - Sales Doc Type - Rebates,, Rebates, Sales Doc Type ,16,
SD_U,Sales_Doc_Type_Update,OTC: SDT - Sales Doc Type - Access to all Doc Types,, Access to all Doc Types, Sales Doc Type ,16,
SD_U,Sales_Doc_Type_Update,OTC: SDT - Sales Doc Type - Credit/Debit Memos,, Credit/Debit Memos, Sales Doc Type ,16,
SD_U,Sales_Doc_Type_Update,OTC: SDT - Sales Doc Type - Donation Orders,, Donation Orders, Sales Doc Type ,16,
SD_U,Sales_Doc_Type_Update,OTC: SDT - Sales Doc Type - Orders,, Orders, Sales Doc Type ,16,
SD_U,Sales_Doc_Type_Update,OTC: SDT - Sales Doc Type - Pallet Item Proposal,, Pallet Item Proposal, Sales Doc Type ,16,
SD_U,Sales_Doc_Type_Update,OTC: SDT - Sales Doc Type - Returns,, Returns, Sales Doc Type ,16,
SD_U,Sales_Doc_Type_Update,OTC: SDT - Sales Doc Type - Returns - Change Only,, Returns , Sales Doc Type ,16, Change Only
SD_U,Sales_Doc_Type_Update,OTC: SDT - Sales Doc Type - Samples,, Samples, Sales Doc Type ,16,
SD_U,Sales_Doc_Type_Update,OTC: SDT - Sales Doc Type - Siebel Credit - Change Only,, Siebel Credit , Sales Doc Type ,16, Change Only
SD_U,Sales_Doc_Type_Update,OTC: SDT - SALES DOC TYPE - QUAOTE/COB,, QUAOTE/COB, SALES DOC TYPE ,16,
SD_U,Sales_Doc_Type_Update,PS: ENB - Sales Doc Type - Carrier Freight Claims,, Carrier Freight Claims, Sales Doc Type ,16,
SD_U,Sales_Doc_Type_Update,PS: ENB - Sales Doc Type - Military Credit/Debit Memos,, Military Credit/Debit Memos, Sales Doc Type ,16,
SD_U,Sales_Doc_Type_Update,PS: ENB - Sales Doc Type - Trade Credit Memo Request,, Trade Credit Memo Request, Sales Doc Type ,16,
SD_U,Sales_Doc_Type_Update,PS: ENB - Sales Doc Type - Trade Deduction Reversal,, Trade Deduction Reversal, Sales Doc Type ,16,
SD_U,Sales_Doc_Type_Update,PS: ENB - Sales Doc Type - Trade Deduction Reversal - Change Only,, Trade Deduction Reversal , Sales Doc Type ,16, Change Only
,,,,,,0,
,,,,,,0,
,,,,,,0,
,,,,,,0,
,,,,,,0,
,,,,,,0,
,,,,,,0,
,,,,,,0,
,,,,,,0,
,,,,,,0,
,,,,,,0,
,,,,,,0,
,,,,,,0,
,,,,,,0,
,,,,,,0,
,,,,,,0,
,,,,,,0,
,,,,,,0,
,,,,,,0,
,,,,,,0,
,,,,,,0,
,,,,,,0,
,,,,,,0,
,,,,,,0,
,,,,,,0,
,,,,,,0,
,,,,,,0,
,,,,,,0,
,,,,,,0,
,,,,,,0,
,,,,,,0,
,,,,,,0,
,,,,,,0,
,,,,,,0,
,,,,,,0,
,,,,,,0,
,,,,,,0,
,,,,,,0,
,,,,,,0,
,,,,,,0,
,,,,,,0,
,,,,,,0,
,,,,,,0,
,,,,,,0,
,,,,,,0,
,,,,,,0,
,,,,,,0,
,,,,,,0,
,,,,,,0,
,,,,,,0,
,,,,,,0,
,,,,,,0,
,,,,,,0,
,,,,,,0,
,,,,,,0,
,,,,,,0,
,,,,,,0,
,,,,,,0,
,,,,,,0,
,,,,,,0,
,,,,,,0,
,,,,,,0,
,,,,,,0,
,,,,,,0,
,,,,,,0,
,,,,,,0,
,,,,,,0,
,,,,,,0,
,,,,,,0,
,,,,,,0,
,,,,,,0,
,,,,,,0,
,,,,,,0,
,,,,,,0,
,,,,,,0,
,,,,,,0,
,,,,,,0,
,,,,,,0,
,,,,,,0,
,,,,,,0,
,,,,,,0,
,,,,,,0,
,,,,,,0,
,,,,,,0,
,,,,,,0,
,,,,,,0,
,,,,,,0,
,,,,,,0,
,,,,,,0,
,,,,,,0,
,,,,,,0,
,,,,,,0,
,,,,,,0,
,,,,,,0,
,,,,,,0,
,,,,,,0,
,,,,,,0,
,,,,,,0,
,,,,,,0,
,,,,,,0,
,,,,,,0,
,,,,,,0,
,,,,,,0,
,,,,,,0,
,,,,,,0,
,,,,,,0,
,,,,,,0,
,,,,,,0,
,,,,,,0,
,,,,,,0,
,,,,,,0,
,,,,,,0,
,,,,,,0,
,,,,,,0,
,,,,,,0,
,,,,,,0,
,,,,,,0,
,,,,,,0,
,,,,,,0,
,,,,,,0,
,,,,,,0,
,,,,,,0,
,,,,,,0,
,,,,,,0,
,,,,,,0,
,,,,,,0,
,,,,,,0,
,,,,,,0,
,,,,,,0,
,,,,,,0,
,,,,,,0,
,,,,,,0,
